column,observations,adf_statistic,p_value,lags_used,critical_1%,critical_5%,critical_10%,stationary
pulp_brl,1513,-2.241724678521431,0.19145167433812355,3,-3.4346794310731665,-2.8634521717811046,-2.567788014921572,False
suzb,1514,-2.836828692877297,0.053202571062510216,2,-3.4346765666049732,-2.8634509075517536,-2.5677873417107437,False
