,coefficient,std_error,t_statistic,p_value,significant
const,0.00025785764636719973,0.0001356686589555039,1.900642700771229,0.057539227822146585,False
ptax_r,-1.1191104852157503,0.04984919952588589,-22.449918872510967,1.525679777112191e-96,True
selic_r,-0.0007025309009370657,0.006912644509279184,-0.10162983211331406,0.9190640013611732,False
pulp_brl_r,1.1303730663068632,0.04739858489001856,23.84824502524131,6.191051159838157e-107,True
credit_r,0.0066660333511840975,0.06747459885084926,0.09879322685443719,0.9213155677849949,False
precip_mm_r,0.010629168162607845,0.005913977011131763,1.7972961583382503,0.07248849106353329,False
ndvi_r,-0.20119608565281782,0.047251139195850805,-4.258015554268058,2.1897832845471886e-05,True
